{
  "train_loss": [
    0.8048662747172033,
    0.35357241873525463,
    0.29471867437459276,
    0.26314059973116344,
    0.24058389670270627,
    0.2225595643657874,
    0.2072413131652653,
    0.19399006000225985,
    0.18232663731216578,
    0.1719262614026249,
    0.1625846527158159,
    0.15411615897690384,
    0.14642918298053417,
    0.13941369352855443,
    0.13297217721805146,
    0.12704649574203242,
    0.12157299137290953,
    0.11647295258918035,
    0.11171388296768243,
    0.10728914067071874,
    0.10314843011532684,
    0.09927103300244007,
    0.09562031397101631,
    0.09219469073285727,
    0.08898418398571403,
    0.08592673390432953,
    0.08301706320651515,
    0.0802480171202552,
    0.07761911460128082,
    0.07513371217135
  ],
  "val_loss": [
    0.40629070788669003,
    0.3171164252268476,
    0.2813894139316723,
    0.2584847582391756,
    0.2411034215701632,
    0.22671687403710897,
    0.21462596664914627,
    0.20409255384251088,
    0.19492556228829336,
    0.18669012452921044,
    0.17930080424461795,
    0.17259049344206695,
    0.1665551932152228,
    0.16116941184406058,
    0.1561560770026227,
    0.15159215839087464,
    0.14739490833708088,
    0.14359727215253987,
    0.14014480242217908,
    0.1368946013302064,
    0.1338601871999502,
    0.13108466248323988,
    0.12854475995810546,
    0.12620831963409368,
    0.12399240449916636,
    0.12188617801263794,
    0.11990762371656734,
    0.11803112168590951,
    0.11624931985769359,
    0.11471522284722176
  ]
}