{
  "train_loss": [
    0.016435817671388485,
    0.011119858693173806,
    0.01111975559640699,
    0.011119729747685995,
    0.011119719400534491,
    0.011119714225400435,
    0.011119711267728557,
    0.0111197094190238,
    0.011119708186491231,
    0.011119707323694297
  ],
  "val_loss": [
    0.012316911590847014,
    0.012316739976065614,
    0.01231670814790141,
    0.01231669700476194,
    0.012316691846503091,
    0.012316689044334327,
    0.012316687354671582,
    0.012316686258030474,
    0.012316685506096464,
    0.012316684968437379
  ]
}