{
  "train_loss": [
    0.01670166521661416,
    0.011119908274509874,
    0.011119772171533865,
    0.011119738047644842,
    0.011119724384847846,
    0.011119717550164193,
    0.011119713643496553,
    0.011119711201378193,
    0.01111970957307586,
    0.011119708433165728
  ],
  "val_loss": [
    0.012317113903770632,
    0.012316790380743656,
    0.01231673052722715,
    0.012316709586939688,
    0.012316699896921112,
    0.012316694633705924,
    0.012316691460797682,
    0.012316689401441887,
    0.012316687989437448,
    0.012316686979974232
  ]
}